﻿<?xml version="1.0" encoding="utf-8"?>
<Session SID="1" BitFlags="2100">
  <SessionTimers ClientConnected="2021-03-03T17:08:38.9925957+03:00" ClientBeginRequest="2021-03-03T17:08:38.9925957+03:00" GotRequestHeaders="2021-03-03T17:08:38.9925957+03:00" ClientDoneRequest="2021-03-03T17:08:38.9925957+03:00" GatewayTime="0" DNSTime="11" TCPConnectTime="42" HTTPSHandshakeTime="95" ServerConnected="2021-03-03T17:08:39.0476363+03:00" FiddlerBeginRequest="2021-03-03T17:08:39.0476363+03:00" ServerGotRequest="2021-03-03T17:08:39.0476363+03:00" ServerBeginResponse="0001-01-01T00:00:00" GotResponseHeaders="0001-01-01T00:00:00" ServerDoneResponse="0001-01-01T00:00:00" ClientBeginResponse="2021-03-03T17:08:39.0476363+03:00" ClientDoneResponse="2021-03-03T17:08:39.0476363+03:00" />
  <PipeInfo />
  <TunnelInfo BytesEgress="0" BytesIngress="0" />
  <SessionFlags>
    <SessionFlag N="https-client-snihostname" V="weather.opera-api.com" />
    <SessionFlag N="x-egressport" V="51291" />
    <SessionFlag N="x-responsebodytransferlength" V="0" />
    <SessionFlag N="x-clientport" V="51290" />
    <SessionFlag N="https-server-version" V="Tls12" />
    <SessionFlag N="x-clientip" V="127.0.0.1" />
    <SessionFlag N="https-client-sessionid" V="B0 9A 32 B6 5E 32 7B D7 EC 3F 50 A0 54 A0 93 27 62 A9 9D 3C E4 82 99 90 27 FC 43 46 F3 F0 5B 51" />
    <SessionFlag N="x-hostip" V="185.26.182.106" />
    <SessionFlag N="https-client-version" V="Tls12" />
    <SessionFlag N="x-processinfo" V="opera:12620" />
    <SessionFlag N="https-server-cipher" V="Aes128 128bits" />
  </SessionFlags>
</Session>