﻿<?xml version="1.0" encoding="utf-8"?>
<Session SID="3" BitFlags="2100">
  <SessionTimers ClientConnected="2021-03-03T17:08:39.2264366+03:00" ClientBeginRequest="2021-03-03T17:08:39.2274463+03:00" GotRequestHeaders="2021-03-03T17:08:39.2274463+03:00" ClientDoneRequest="2021-03-03T17:08:39.2274463+03:00" GatewayTime="0" DNSTime="13" TCPConnectTime="17" HTTPSHandshakeTime="20" ServerConnected="2021-03-03T17:08:39.2584531+03:00" FiddlerBeginRequest="2021-03-03T17:08:39.2584531+03:00" ServerGotRequest="2021-03-03T17:08:39.2584531+03:00" ServerBeginResponse="0001-01-01T00:00:00" GotResponseHeaders="0001-01-01T00:00:00" ServerDoneResponse="0001-01-01T00:00:00" ClientBeginResponse="2021-03-03T17:08:39.2584531+03:00" ClientDoneResponse="2021-03-03T17:08:39.2584531+03:00" />
  <PipeInfo />
  <TunnelInfo BytesEgress="0" BytesIngress="0" />
  <SessionFlags>
    <SessionFlag N="https-client-snihostname" V="www.google.com" />
    <SessionFlag N="x-egressport" V="51301" />
    <SessionFlag N="x-responsebodytransferlength" V="0" />
    <SessionFlag N="x-clientport" V="51292" />
    <SessionFlag N="https-server-version" V="Tls12" />
    <SessionFlag N="x-clientip" V="127.0.0.1" />
    <SessionFlag N="https-client-sessionid" V="12 07 20 ED A1 2B 6B 75 C4 27 15 A2 FE 67 6A A4 02 33 CB 3C B3 82 33 90 59 74 92 71 82 95 5A CF" />
    <SessionFlag N="x-hostip" V="64.233.162.105" />
    <SessionFlag N="https-client-version" V="Tls12" />
    <SessionFlag N="x-processinfo" V="opera:12620" />
    <SessionFlag N="https-server-cipher" V="Aes128 128bits" />
  </SessionFlags>
</Session>