﻿<?xml version="1.0" encoding="utf-8"?>
<Session SID="5" BitFlags="2100">
  <SessionTimers ClientConnected="2021-03-03T17:08:39.4396957+03:00" ClientBeginRequest="2021-03-03T17:08:39.4396957+03:00" GotRequestHeaders="2021-03-03T17:08:39.4396957+03:00" ClientDoneRequest="2021-03-03T17:08:39.4396957+03:00" GatewayTime="0" DNSTime="6" TCPConnectTime="7" HTTPSHandshakeTime="18" ServerConnected="2021-03-03T17:08:39.4537149+03:00" FiddlerBeginRequest="2021-03-03T17:08:39.4537149+03:00" ServerGotRequest="2021-03-03T17:08:39.4537149+03:00" ServerBeginResponse="0001-01-01T00:00:00" GotResponseHeaders="0001-01-01T00:00:00" ServerDoneResponse="0001-01-01T00:00:00" ClientBeginResponse="2021-03-03T17:08:39.4537149+03:00" ClientDoneResponse="2021-03-03T17:08:39.4537149+03:00" />
  <PipeInfo />
  <TunnelInfo BytesEgress="0" BytesIngress="0" />
  <SessionFlags>
    <SessionFlag N="https-client-snihostname" V="fonts.gstatic.com" />
    <SessionFlag N="x-egressport" V="51303" />
    <SessionFlag N="x-responsebodytransferlength" V="0" />
    <SessionFlag N="x-clientport" V="51302" />
    <SessionFlag N="https-server-version" V="Tls12" />
    <SessionFlag N="x-clientip" V="127.0.0.1" />
    <SessionFlag N="https-client-sessionid" V="C7 4D 6E FC 5C 0C 89 8E 22 0D 4C 36 59 5B 90 8D 9D E4 DD 59 F6 B0 5A 0F 3A 62 D2 C4 9F 8C 42 BA" />
    <SessionFlag N="x-hostip" V="209.85.233.94" />
    <SessionFlag N="https-client-version" V="Tls12" />
    <SessionFlag N="x-processinfo" V="opera:12620" />
    <SessionFlag N="https-server-cipher" V="Aes128 128bits" />
  </SessionFlags>
</Session>