﻿<?xml version="1.0" encoding="utf-8"?>
<Session SID="7" BitFlags="2100">
  <SessionTimers ClientConnected="2021-03-03T17:08:40.2236797+03:00" ClientBeginRequest="2021-03-03T17:08:40.2236797+03:00" GotRequestHeaders="2021-03-03T17:08:40.2236797+03:00" ClientDoneRequest="2021-03-03T17:08:40.2236797+03:00" GatewayTime="0" DNSTime="31" TCPConnectTime="44" HTTPSHandshakeTime="99" ServerConnected="2021-03-03T17:08:40.299683+03:00" FiddlerBeginRequest="2021-03-03T17:08:40.299683+03:00" ServerGotRequest="2021-03-03T17:08:40.299683+03:00" ServerBeginResponse="0001-01-01T00:00:00" GotResponseHeaders="0001-01-01T00:00:00" ServerDoneResponse="0001-01-01T00:00:00" ClientBeginResponse="2021-03-03T17:08:40.3006839+03:00" ClientDoneResponse="2021-03-03T17:08:40.3006839+03:00" />
  <PipeInfo />
  <TunnelInfo BytesEgress="0" BytesIngress="0" />
  <SessionFlags>
    <SessionFlag N="https-client-snihostname" V="sitecheck.opera.com" />
    <SessionFlag N="x-egressport" V="51305" />
    <SessionFlag N="x-responsebodytransferlength" V="0" />
    <SessionFlag N="x-clientport" V="51304" />
    <SessionFlag N="https-server-version" V="Tls12" />
    <SessionFlag N="x-clientip" V="127.0.0.1" />
    <SessionFlag N="https-client-sessionid" V="1E 4A C6 07 67 12 6D 6E 18 8E 18 5F BF CD EC 1B 0F DB D7 52 C7 F0 B8 AB 7B 9D CD 19 E8 EC 9A 91" />
    <SessionFlag N="x-hostip" V="82.145.216.16" />
    <SessionFlag N="https-client-version" V="Tls12" />
    <SessionFlag N="x-processinfo" V="opera:12620" />
    <SessionFlag N="https-server-cipher" V="Aes128 128bits" />
  </SessionFlags>
</Session>