﻿<?xml version="1.0" encoding="utf-8"?>
<Session SID="8" BitFlags="19">
  <SessionTimers ClientConnected="2021-03-03T17:08:40.2236797+03:00" ClientBeginRequest="2021-03-03T17:08:40.5236834+03:00" GotRequestHeaders="2021-03-03T17:08:40.5236834+03:00" ClientDoneRequest="2021-03-03T17:08:40.5236834+03:00" GatewayTime="0" DNSTime="0" TCPConnectTime="0" HTTPSHandshakeTime="0" ServerConnected="2021-03-03T17:08:40.299683+03:00" FiddlerBeginRequest="2021-03-03T17:08:40.5236834+03:00" ServerGotRequest="2021-03-03T17:08:40.5236834+03:00" ServerBeginResponse="2021-03-03T17:08:40.5696817+03:00" GotResponseHeaders="2021-03-03T17:08:40.5696817+03:00" ServerDoneResponse="2021-03-03T17:08:40.5696817+03:00" ClientBeginResponse="2021-03-03T17:08:40.5696817+03:00" ClientDoneResponse="2021-03-03T17:08:40.5696817+03:00" />
  <PipeInfo CltReuse="true" Reused="true" />
  <SessionFlags>
    <SessionFlag N="x-egressport" V="51305" />
    <SessionFlag N="x-responsebodytransferlength" V="32" />
    <SessionFlag N="x-clientport" V="51304" />
    <SessionFlag N="x-clientip" V="127.0.0.1" />
    <SessionFlag N="x-serversocket" V="REUSE ServerPipe#7" />
    <SessionFlag N="x-hostip" V="82.145.216.16" />
    <SessionFlag N="x-processinfo" V="opera:12620" />
  </SessionFlags>
</Session>