﻿<?xml version="1.0" encoding="utf-8"?>
<Session SID="9" BitFlags="2100">
  <SessionTimers ClientConnected="2021-03-03T17:08:41.0986821+03:00" ClientBeginRequest="2021-03-03T17:08:41.0996831+03:00" GotRequestHeaders="2021-03-03T17:08:41.0996831+03:00" ClientDoneRequest="2021-03-03T17:08:41.0996831+03:00" GatewayTime="0" DNSTime="11" TCPConnectTime="52" HTTPSHandshakeTime="96" ServerConnected="2021-03-03T17:08:41.1636818+03:00" FiddlerBeginRequest="2021-03-03T17:08:41.1636818+03:00" ServerGotRequest="2021-03-03T17:08:41.1636818+03:00" ServerBeginResponse="0001-01-01T00:00:00" GotResponseHeaders="0001-01-01T00:00:00" ServerDoneResponse="0001-01-01T00:00:00" ClientBeginResponse="2021-03-03T17:08:41.1646921+03:00" ClientDoneResponse="2021-03-03T17:08:41.1646921+03:00" />
  <PipeInfo />
  <TunnelInfo BytesEgress="0" BytesIngress="0" />
  <SessionFlags>
    <SessionFlag N="https-client-snihostname" V="www.123.ru" />
    <SessionFlag N="x-egressport" V="51309" />
    <SessionFlag N="x-responsebodytransferlength" V="0" />
    <SessionFlag N="x-clientport" V="51306" />
    <SessionFlag N="https-server-version" V="Tls12" />
    <SessionFlag N="x-clientip" V="127.0.0.1" />
    <SessionFlag N="https-client-sessionid" V="70 EE 9E 27 44 E4 D4 14 CD D4 DD 0E 85 04 49 0C A3 79 4B F3 E3 8F EA 02 70 95 83 02 3C 7F 68 52" />
    <SessionFlag N="x-hostip" V="185.203.72.173" />
    <SessionFlag N="https-client-version" V="Tls12" />
    <SessionFlag N="x-processinfo" V="opera:12620" />
    <SessionFlag N="https-server-cipher" V="Aes256 256bits" />
  </SessionFlags>
</Session>