﻿<?xml version="1.0" encoding="utf-8"?>
<Session SID="10" BitFlags="2100">
  <SessionTimers ClientConnected="2021-03-03T17:08:41.1006854+03:00" ClientBeginRequest="2021-03-03T17:08:41.1016862+03:00" GotRequestHeaders="2021-03-03T17:08:41.1016862+03:00" ClientDoneRequest="2021-03-03T17:08:41.1016862+03:00" GatewayTime="0" DNSTime="5" TCPConnectTime="7" HTTPSHandshakeTime="25" ServerConnected="2021-03-03T17:08:41.1146882+03:00" FiddlerBeginRequest="2021-03-03T17:08:41.1146882+03:00" ServerGotRequest="2021-03-03T17:08:41.1146882+03:00" ServerBeginResponse="0001-01-01T00:00:00" GotResponseHeaders="0001-01-01T00:00:00" ServerDoneResponse="0001-01-01T00:00:00" ClientBeginResponse="2021-03-03T17:08:41.1146882+03:00" ClientDoneResponse="2021-03-03T17:08:41.1146882+03:00" />
  <PipeInfo />
  <TunnelInfo BytesEgress="0" BytesIngress="0" />
  <SessionFlags>
    <SessionFlag N="https-client-snihostname" V="id.google.com" />
    <SessionFlag N="x-egressport" V="51308" />
    <SessionFlag N="x-responsebodytransferlength" V="0" />
    <SessionFlag N="x-clientport" V="51307" />
    <SessionFlag N="https-server-version" V="Tls12" />
    <SessionFlag N="x-clientip" V="127.0.0.1" />
    <SessionFlag N="https-client-sessionid" V="06 91 F5 A8 FE EB 8F 43 AA 7E 96 EF 45 73 E4 BE 68 B6 74 37 11 21 C5 3D C3 A4 3E BD E4 06 38 96" />
    <SessionFlag N="x-hostip" V="64.233.165.94" />
    <SessionFlag N="https-client-version" V="Tls12" />
    <SessionFlag N="x-processinfo" V="opera:12620" />
    <SessionFlag N="https-server-cipher" V="Aes128 128bits" />
  </SessionFlags>
</Session>