﻿<?xml version="1.0" encoding="utf-8"?>
<Session SID="12" BitFlags="19">
  <SessionTimers ClientConnected="2021-03-03T17:08:41.1006854+03:00" ClientBeginRequest="2021-03-03T17:08:41.1516898+03:00" GotRequestHeaders="2021-03-03T17:08:41.1516898+03:00" ClientDoneRequest="2021-03-03T17:08:41.152683+03:00" GatewayTime="0" DNSTime="0" TCPConnectTime="0" HTTPSHandshakeTime="0" ServerConnected="2021-03-03T17:08:41.1146882+03:00" FiddlerBeginRequest="2021-03-03T17:08:41.152683+03:00" ServerGotRequest="2021-03-03T17:08:41.152683+03:00" ServerBeginResponse="2021-03-03T17:08:41.1646921+03:00" GotResponseHeaders="2021-03-03T17:08:41.1646921+03:00" ServerDoneResponse="2021-03-03T17:08:41.1646921+03:00" ClientBeginResponse="2021-03-03T17:08:41.1646921+03:00" ClientDoneResponse="2021-03-03T17:08:41.1646921+03:00" />
  <PipeInfo CltReuse="true" Reused="true" />
  <SessionFlags>
    <SessionFlag N="x-egressport" V="51308" />
    <SessionFlag N="x-responsebodytransferlength" V="0" />
    <SessionFlag N="x-clientport" V="51307" />
    <SessionFlag N="x-clientip" V="127.0.0.1" />
    <SessionFlag N="x-serversocket" V="REUSE ServerPipe#10" />
    <SessionFlag N="x-hostip" V="64.233.165.94" />
    <SessionFlag N="x-processinfo" V="opera:12620" />
  </SessionFlags>
</Session>