﻿<?xml version="1.0" encoding="utf-8"?>
<Session SID="14" BitFlags="2100">
  <SessionTimers ClientConnected="2021-03-03T17:08:41.4296865+03:00" ClientBeginRequest="2021-03-03T17:08:41.4296865+03:00" GotRequestHeaders="2021-03-03T17:08:41.4296865+03:00" ClientDoneRequest="2021-03-03T17:08:41.4296865+03:00" GatewayTime="0" DNSTime="0" TCPConnectTime="7" HTTPSHandshakeTime="13" ServerConnected="2021-03-03T17:08:41.4376827+03:00" FiddlerBeginRequest="2021-03-03T17:08:41.4376827+03:00" ServerGotRequest="2021-03-03T17:08:41.4376827+03:00" ServerBeginResponse="0001-01-01T00:00:00" GotResponseHeaders="0001-01-01T00:00:00" ServerDoneResponse="0001-01-01T00:00:00" ClientBeginResponse="2021-03-03T17:08:41.4376827+03:00" ClientDoneResponse="2021-03-03T17:08:41.4376827+03:00" />
  <PipeInfo />
  <TunnelInfo BytesEgress="0" BytesIngress="0" />
  <SessionFlags>
    <SessionFlag N="https-client-snihostname" V="www.google.com" />
    <SessionFlag N="x-egressport" V="51311" />
    <SessionFlag N="x-responsebodytransferlength" V="0" />
    <SessionFlag N="x-clientport" V="51310" />
    <SessionFlag N="https-server-version" V="Tls12" />
    <SessionFlag N="x-clientip" V="127.0.0.1" />
    <SessionFlag N="https-client-sessionid" V="3B 1C 00 00 2B 83 38 8E B4 EE EA 62 DF 30 91 1B 39 B9 EE E9 47 62 FE 28 4E 6E 46 2B 7E 1F EC 47" />
    <SessionFlag N="x-hostip" V="64.233.162.105" />
    <SessionFlag N="https-client-version" V="Tls12" />
    <SessionFlag N="x-processinfo" V="opera:12620" />
    <SessionFlag N="https-server-cipher" V="Aes128 128bits" />
  </SessionFlags>
</Session>