﻿<?xml version="1.0" encoding="utf-8"?>
<Session SID="24" BitFlags="2100">
  <SessionTimers ClientConnected="2021-03-03T17:08:42.2671114+03:00" ClientBeginRequest="2021-03-03T17:08:42.2681054+03:00" GotRequestHeaders="2021-03-03T17:08:42.2681054+03:00" ClientDoneRequest="2021-03-03T17:08:42.2681054+03:00" GatewayTime="0" DNSTime="8" TCPConnectTime="7" HTTPSHandshakeTime="24" ServerConnected="2021-03-03T17:08:42.2831057+03:00" FiddlerBeginRequest="2021-03-03T17:08:42.2831057+03:00" ServerGotRequest="2021-03-03T17:08:42.2831057+03:00" ServerBeginResponse="0001-01-01T00:00:00" GotResponseHeaders="0001-01-01T00:00:00" ServerDoneResponse="0001-01-01T00:00:00" ClientBeginResponse="2021-03-03T17:08:42.2831057+03:00" ClientDoneResponse="2021-03-03T17:08:42.2841133+03:00" />
  <PipeInfo />
  <TunnelInfo BytesEgress="0" BytesIngress="0" />
  <SessionFlags>
    <SessionFlag N="https-client-snihostname" V="encrypted-tbn0.gstatic.com" />
    <SessionFlag N="x-egressport" V="51319" />
    <SessionFlag N="x-responsebodytransferlength" V="0" />
    <SessionFlag N="x-clientport" V="51316" />
    <SessionFlag N="https-server-version" V="Tls12" />
    <SessionFlag N="x-clientip" V="127.0.0.1" />
    <SessionFlag N="https-client-sessionid" V="03 7B C9 B6 D1 60 7A 25 FB 62 53 B6 D2 31 80 E9 6F 87 57 4C 14 66 FA A7 9A 1F E7 1E C2 17 39 33" />
    <SessionFlag N="x-hostip" V="173.194.73.138" />
    <SessionFlag N="https-client-version" V="Tls12" />
    <SessionFlag N="x-processinfo" V="opera:12620" />
    <SessionFlag N="https-server-cipher" V="Aes128 128bits" />
  </SessionFlags>
</Session>