﻿<?xml version="1.0" encoding="utf-8"?>
<Session SID="32" BitFlags="2100">
  <SessionTimers ClientConnected="2021-03-03T17:08:42.577054+03:00" ClientBeginRequest="2021-03-03T17:08:42.5780525+03:00" GotRequestHeaders="2021-03-03T17:08:42.5780525+03:00" ClientDoneRequest="2021-03-03T17:08:42.5780525+03:00" GatewayTime="0" DNSTime="0" TCPConnectTime="8" HTTPSHandshakeTime="20" ServerConnected="2021-03-03T17:08:42.5870682+03:00" FiddlerBeginRequest="2021-03-03T17:08:42.5870682+03:00" ServerGotRequest="2021-03-03T17:08:42.5870682+03:00" ServerBeginResponse="0001-01-01T00:00:00" GotResponseHeaders="0001-01-01T00:00:00" ServerDoneResponse="0001-01-01T00:00:00" ClientBeginResponse="2021-03-03T17:08:42.5880888+03:00" ClientDoneResponse="2021-03-03T17:08:42.5880888+03:00" />
  <PipeInfo />
  <TunnelInfo BytesEgress="0" BytesIngress="0" />
  <SessionFlags>
    <SessionFlag N="https-client-snihostname" V="encrypted-tbn0.gstatic.com" />
    <SessionFlag N="x-egressport" V="51328" />
    <SessionFlag N="x-responsebodytransferlength" V="0" />
    <SessionFlag N="x-clientport" V="51324" />
    <SessionFlag N="https-server-version" V="Tls12" />
    <SessionFlag N="x-clientip" V="127.0.0.1" />
    <SessionFlag N="https-client-sessionid" V="2F B4 0B D2 6B 01 B7 B4 9F 9A 93 EA 56 33 63 3A 14 5D B7 83 67 1B 2C 64 9A 69 4C 89 61 6D E3 7A" />
    <SessionFlag N="x-hostip" V="173.194.73.138" />
    <SessionFlag N="https-client-version" V="Tls12" />
    <SessionFlag N="x-processinfo" V="opera:12620" />
    <SessionFlag N="https-server-cipher" V="Aes128 128bits" />
  </SessionFlags>
</Session>