﻿<?xml version="1.0" encoding="utf-8"?>
<Session SID="33" BitFlags="2100">
  <SessionTimers ClientConnected="2021-03-03T17:08:42.577054+03:00" ClientBeginRequest="2021-03-03T17:08:42.5780525+03:00" GotRequestHeaders="2021-03-03T17:08:42.5780525+03:00" ClientDoneRequest="2021-03-03T17:08:42.5780525+03:00" GatewayTime="0" DNSTime="0" TCPConnectTime="8" HTTPSHandshakeTime="31" ServerConnected="2021-03-03T17:08:42.5870682+03:00" FiddlerBeginRequest="2021-03-03T17:08:42.5870682+03:00" ServerGotRequest="2021-03-03T17:08:42.5880888+03:00" ServerBeginResponse="0001-01-01T00:00:00" GotResponseHeaders="0001-01-01T00:00:00" ServerDoneResponse="0001-01-01T00:00:00" ClientBeginResponse="2021-03-03T17:08:42.5880888+03:00" ClientDoneResponse="2021-03-03T17:08:42.5880888+03:00" />
  <PipeInfo />
  <TunnelInfo BytesEgress="0" BytesIngress="0" />
  <SessionFlags>
    <SessionFlag N="https-client-snihostname" V="encrypted-tbn0.gstatic.com" />
    <SessionFlag N="x-egressport" V="51329" />
    <SessionFlag N="x-responsebodytransferlength" V="0" />
    <SessionFlag N="x-clientport" V="51325" />
    <SessionFlag N="https-server-version" V="Tls12" />
    <SessionFlag N="x-clientip" V="127.0.0.1" />
    <SessionFlag N="https-client-sessionid" V="DE 69 C6 C1 ED 77 51 D6 77 BC 28 11 C8 79 78 63 91 61 21 86 EF B6 1E F9 A6 73 2F FA 66 C2 53 9E" />
    <SessionFlag N="x-hostip" V="173.194.73.138" />
    <SessionFlag N="https-client-version" V="Tls12" />
    <SessionFlag N="x-processinfo" V="opera:12620" />
    <SessionFlag N="https-server-cipher" V="Aes128 128bits" />
  </SessionFlags>
</Session>