﻿<?xml version="1.0" encoding="utf-8"?>
<Session SID="35" BitFlags="19">
  <SessionTimers ClientConnected="2021-03-03T17:08:42.5750478+03:00" ClientBeginRequest="2021-03-03T17:08:42.6208654+03:00" GotRequestHeaders="2021-03-03T17:08:42.6208654+03:00" ClientDoneRequest="2021-03-03T17:08:42.6208654+03:00" GatewayTime="0" DNSTime="0" TCPConnectTime="0" HTTPSHandshakeTime="0" ServerConnected="2021-03-03T17:08:42.5870682+03:00" FiddlerBeginRequest="2021-03-03T17:08:42.6218681+03:00" ServerGotRequest="2021-03-03T17:08:42.6218681+03:00" ServerBeginResponse="2021-03-03T17:08:42.6299008+03:00" GotResponseHeaders="2021-03-03T17:08:42.6299008+03:00" ServerDoneResponse="2021-03-03T17:08:42.6309006+03:00" ClientBeginResponse="2021-03-03T17:08:42.6309006+03:00" ClientDoneResponse="2021-03-03T17:08:42.6309006+03:00" />
  <PipeInfo CltReuse="true" Reused="true" />
  <SessionFlags>
    <SessionFlag N="x-egressport" V="51326" />
    <SessionFlag N="x-responsebodytransferlength" V="4,701" />
    <SessionFlag N="x-clientport" V="51322" />
    <SessionFlag N="x-clientip" V="127.0.0.1" />
    <SessionFlag N="x-serversocket" V="REUSE ServerPipe#30" />
    <SessionFlag N="x-hostip" V="173.194.73.138" />
    <SessionFlag N="x-processinfo" V="opera:12620" />
  </SessionFlags>
</Session>