﻿<?xml version="1.0" encoding="utf-8"?>
<Session SID="37" BitFlags="19">
  <SessionTimers ClientConnected="2021-03-03T17:08:42.5760528+03:00" ClientBeginRequest="2021-03-03T17:08:42.6238698+03:00" GotRequestHeaders="2021-03-03T17:08:42.6238698+03:00" ClientDoneRequest="2021-03-03T17:08:42.6248706+03:00" GatewayTime="0" DNSTime="0" TCPConnectTime="0" HTTPSHandshakeTime="0" ServerConnected="2021-03-03T17:08:42.5870682+03:00" FiddlerBeginRequest="2021-03-03T17:08:42.6248706+03:00" ServerGotRequest="2021-03-03T17:08:42.6248706+03:00" ServerBeginResponse="2021-03-03T17:08:42.6338951+03:00" GotResponseHeaders="2021-03-03T17:08:42.6348938+03:00" ServerDoneResponse="2021-03-03T17:08:42.6348938+03:00" ClientBeginResponse="2021-03-03T17:08:42.6348938+03:00" ClientDoneResponse="2021-03-03T17:08:42.6348938+03:00" />
  <PipeInfo CltReuse="true" Reused="true" />
  <SessionFlags>
    <SessionFlag N="x-egressport" V="51327" />
    <SessionFlag N="x-responsebodytransferlength" V="7,092" />
    <SessionFlag N="x-clientport" V="51323" />
    <SessionFlag N="x-clientip" V="127.0.0.1" />
    <SessionFlag N="x-serversocket" V="REUSE ServerPipe#31" />
    <SessionFlag N="x-hostip" V="173.194.73.138" />
    <SessionFlag N="x-processinfo" V="opera:12620" />
  </SessionFlags>
</Session>