﻿<?xml version="1.0" encoding="utf-8"?>
<Session SID="40" BitFlags="19">
  <SessionTimers ClientConnected="2021-03-03T17:08:42.2821134+03:00" ClientBeginRequest="2021-03-03T17:08:42.6568942+03:00" GotRequestHeaders="2021-03-03T17:08:42.6568942+03:00" ClientDoneRequest="2021-03-03T17:08:42.6578953+03:00" GatewayTime="0" DNSTime="0" TCPConnectTime="0" HTTPSHandshakeTime="0" ServerConnected="2021-03-03T17:08:42.2901122+03:00" FiddlerBeginRequest="2021-03-03T17:08:42.6578953+03:00" ServerGotRequest="2021-03-03T17:08:42.6578953+03:00" ServerBeginResponse="2021-03-03T17:08:42.6778939+03:00" GotResponseHeaders="2021-03-03T17:08:42.6778939+03:00" ServerDoneResponse="2021-03-03T17:08:42.6778939+03:00" ClientBeginResponse="2021-03-03T17:08:42.6778939+03:00" ClientDoneResponse="2021-03-03T17:08:42.6778939+03:00" />
  <PipeInfo CltReuse="true" Reused="true" />
  <SessionFlags>
    <SessionFlag N="x-egressport" V="51321" />
    <SessionFlag N="x-responsebodytransferlength" V="0" />
    <SessionFlag N="x-clientport" V="51320" />
    <SessionFlag N="x-clientip" V="127.0.0.1" />
    <SessionFlag N="x-serversocket" V="REUSE ServerPipe#27" />
    <SessionFlag N="x-hostip" V="64.233.162.105" />
    <SessionFlag N="x-processinfo" V="opera:12620" />
  </SessionFlags>
</Session>