﻿<?xml version="1.0" encoding="utf-8"?>
<Session SID="41" BitFlags="2100">
  <SessionTimers ClientConnected="2021-03-03T17:08:42.6598982+03:00" ClientBeginRequest="2021-03-03T17:08:42.6598982+03:00" GotRequestHeaders="2021-03-03T17:08:42.6608958+03:00" ClientDoneRequest="2021-03-03T17:08:42.6608958+03:00" GatewayTime="0" DNSTime="6" TCPConnectTime="9" HTTPSHandshakeTime="22" ServerConnected="2021-03-03T17:08:42.675896+03:00" FiddlerBeginRequest="2021-03-03T17:08:42.675896+03:00" ServerGotRequest="2021-03-03T17:08:42.675896+03:00" ServerBeginResponse="0001-01-01T00:00:00" GotResponseHeaders="0001-01-01T00:00:00" ServerDoneResponse="0001-01-01T00:00:00" ClientBeginResponse="2021-03-03T17:08:42.675896+03:00" ClientDoneResponse="2021-03-03T17:08:42.675896+03:00" />
  <PipeInfo />
  <TunnelInfo BytesEgress="0" BytesIngress="0" />
  <SessionFlags>
    <SessionFlag N="https-client-snihostname" V="adservice.google.com" />
    <SessionFlag N="x-egressport" V="51331" />
    <SessionFlag N="x-responsebodytransferlength" V="0" />
    <SessionFlag N="x-clientport" V="51330" />
    <SessionFlag N="https-server-version" V="Tls12" />
    <SessionFlag N="x-clientip" V="127.0.0.1" />
    <SessionFlag N="https-client-sessionid" V="83 38 5F 38 0E D8 B5 5F 90 7C D0 F0 64 1D 8F 09 A4 90 65 E3 7A 01 6C 71 66 9B EA 88 58 A5 32 28" />
    <SessionFlag N="x-hostip" V="173.194.73.154" />
    <SessionFlag N="https-client-version" V="Tls12" />
    <SessionFlag N="x-processinfo" V="opera:12620" />
    <SessionFlag N="https-server-cipher" V="Aes128 128bits" />
  </SessionFlags>
</Session>