﻿<?xml version="1.0" encoding="utf-8"?>
<Session SID="42" BitFlags="19">
  <SessionTimers ClientConnected="2021-03-03T17:08:41.0986821+03:00" ClientBeginRequest="2021-03-03T17:08:42.6958951+03:00" GotRequestHeaders="2021-03-03T17:08:42.6958951+03:00" ClientDoneRequest="2021-03-03T17:08:42.6958951+03:00" GatewayTime="0" DNSTime="0" TCPConnectTime="0" HTTPSHandshakeTime="0" ServerConnected="2021-03-03T17:08:41.1636818+03:00" FiddlerBeginRequest="2021-03-03T17:08:42.6958951+03:00" ServerGotRequest="2021-03-03T17:08:42.6968935+03:00" ServerBeginResponse="2021-03-03T17:08:42.8568915+03:00" GotResponseHeaders="2021-03-03T17:08:42.857892+03:00" ServerDoneResponse="2021-03-03T17:08:42.9938961+03:00" ClientBeginResponse="2021-03-03T17:08:43.0038911+03:00" ClientDoneResponse="2021-03-03T17:08:43.0068947+03:00" />
  <PipeInfo CltReuse="true" Reused="true" />
  <SessionFlags>
    <SessionFlag N="x-egressport" V="51309" />
    <SessionFlag N="x-responsebodytransferlength" V="95,906" />
    <SessionFlag N="x-clientport" V="51306" />
    <SessionFlag N="x-clientip" V="127.0.0.1" />
    <SessionFlag N="x-serversocket" V="REUSE ServerPipe#9" />
    <SessionFlag N="x-hostip" V="185.203.72.173" />
    <SessionFlag N="x-processinfo" V="opera:12620" />
  </SessionFlags>
</Session>