﻿<?xml version="1.0" encoding="utf-8"?>
<Session SID="43" BitFlags="19">
  <SessionTimers ClientConnected="2021-03-03T17:08:42.6598982+03:00" ClientBeginRequest="2021-03-03T17:08:42.7158968+03:00" GotRequestHeaders="2021-03-03T17:08:42.7158968+03:00" ClientDoneRequest="2021-03-03T17:08:42.7168918+03:00" GatewayTime="0" DNSTime="0" TCPConnectTime="0" HTTPSHandshakeTime="0" ServerConnected="2021-03-03T17:08:42.675896+03:00" FiddlerBeginRequest="2021-03-03T17:08:42.7168918+03:00" ServerGotRequest="2021-03-03T17:08:42.7178949+03:00" ServerBeginResponse="2021-03-03T17:08:42.7289055+03:00" GotResponseHeaders="2021-03-03T17:08:42.7289055+03:00" ServerDoneResponse="2021-03-03T17:08:42.7289055+03:00" ClientBeginResponse="2021-03-03T17:08:42.7289055+03:00" ClientDoneResponse="2021-03-03T17:08:42.7289055+03:00" />
  <PipeInfo CltReuse="true" Reused="true" />
  <SessionFlags>
    <SessionFlag N="x-egressport" V="51331" />
    <SessionFlag N="x-responsebodytransferlength" V="0" />
    <SessionFlag N="x-clientport" V="51330" />
    <SessionFlag N="x-clientip" V="127.0.0.1" />
    <SessionFlag N="x-serversocket" V="REUSE ServerPipe#41" />
    <SessionFlag N="x-hostip" V="173.194.73.154" />
    <SessionFlag N="x-processinfo" V="opera:12620" />
  </SessionFlags>
</Session>