﻿<?xml version="1.0" encoding="utf-8"?>
<Session SID="44" BitFlags="2100">
  <SessionTimers ClientConnected="2021-03-03T17:08:42.718895+03:00" ClientBeginRequest="2021-03-03T17:08:42.718895+03:00" GotRequestHeaders="2021-03-03T17:08:42.718895+03:00" ClientDoneRequest="2021-03-03T17:08:42.7198949+03:00" GatewayTime="0" DNSTime="17" TCPConnectTime="8" HTTPSHandshakeTime="23" ServerConnected="2021-03-03T17:08:42.7458924+03:00" FiddlerBeginRequest="2021-03-03T17:08:42.7458924+03:00" ServerGotRequest="2021-03-03T17:08:42.7458924+03:00" ServerBeginResponse="0001-01-01T00:00:00" GotResponseHeaders="0001-01-01T00:00:00" ServerDoneResponse="0001-01-01T00:00:00" ClientBeginResponse="2021-03-03T17:08:42.7458924+03:00" ClientDoneResponse="2021-03-03T17:08:42.7458924+03:00" />
  <PipeInfo />
  <TunnelInfo BytesEgress="0" BytesIngress="0" />
  <SessionFlags>
    <SessionFlag N="https-client-snihostname" V="encrypted-vtbn0.gstatic.com" />
    <SessionFlag N="x-egressport" V="51333" />
    <SessionFlag N="x-responsebodytransferlength" V="0" />
    <SessionFlag N="x-clientport" V="51332" />
    <SessionFlag N="https-server-version" V="Tls12" />
    <SessionFlag N="x-clientip" V="127.0.0.1" />
    <SessionFlag N="https-client-sessionid" V="4C 73 3A 98 84 2B FB AA BA 25 D4 20 B9 F6 03 7B A6 F5 14 99 2C 2C A5 95 40 77 3A DC 20 2C 4B 33" />
    <SessionFlag N="x-hostip" V="64.233.165.100" />
    <SessionFlag N="https-client-version" V="Tls12" />
    <SessionFlag N="x-processinfo" V="opera:12620" />
    <SessionFlag N="https-server-cipher" V="Aes128 128bits" />
  </SessionFlags>
</Session>