﻿<?xml version="1.0" encoding="utf-8"?>
<Session SID="45" BitFlags="59">
  <SessionTimers ClientConnected="2021-03-03T17:08:42.718895+03:00" ClientBeginRequest="2021-03-03T17:08:42.7798931+03:00" GotRequestHeaders="2021-03-03T17:08:42.7798931+03:00" ClientDoneRequest="2021-03-03T17:08:42.7798931+03:00" GatewayTime="0" DNSTime="0" TCPConnectTime="0" HTTPSHandshakeTime="0" ServerConnected="2021-03-03T17:08:42.7458924+03:00" FiddlerBeginRequest="2021-03-03T17:08:42.7798931+03:00" ServerGotRequest="2021-03-03T17:08:42.7808926+03:00" ServerBeginResponse="2021-03-03T17:08:42.7888911+03:00" GotResponseHeaders="2021-03-03T17:08:42.7888911+03:00" ServerDoneResponse="2021-03-03T17:08:42.8118927+03:00" ClientBeginResponse="2021-03-03T17:08:42.7888911+03:00" ClientDoneResponse="2021-03-03T17:08:42.8118927+03:00" />
  <PipeInfo Streamed="true" CltReuse="true" Reused="true" />
  <SessionFlags>
    <SessionFlag N="x-egressport" V="51333" />
    <SessionFlag N="x-responsebodytransferlength" V="98,090" />
    <SessionFlag N="x-clientport" V="51332" />
    <SessionFlag N="x-clientip" V="127.0.0.1" />
    <SessionFlag N="x-serversocket" V="REUSE ServerPipe#44" />
    <SessionFlag N="x-hostip" V="64.233.165.100" />
    <SessionFlag N="x-processinfo" V="opera:12620" />
  </SessionFlags>
</Session>